UUU 33.3( 24587),  UCU 12.9(  9512),  UAU 30.7( 22642),  UGU  5.2(  3854)
UUC 12.3(  9068),  UCC  1.6(  1215),  UAC  8.5(  6302),  UGC  1.3(   993)
UUA 54.7( 40374),  UCA 20.2( 14923),  UAA  2.5(  1821),  UGA  0.4(   293)
UUG 13.6( 10057),  UCG  3.8(  2815),  UAG  0.5(   396),  UGG  7.5(  5529)

CUU 10.8(  7979),  CCU 10.8(  7987),  CAU 18.7( 13828),  CGU 13.6( 10023)
CUC  2.0(  1462),  CCC  1.0(   730),  CAC  4.6(  3416),  CGC  3.2(  2389)
CUA  8.7(  6425),  CCA 16.3( 12025),  CAA 36.0( 26536),  CGA  5.0(  3676)
CUG  2.4(  1737),  CCG  4.0(  2947),  CAG  5.0(  3674),  CGG  0.5(   345)

AUU 53.0( 39142),  ACU 16.6( 12269),  AAU 42.2( 31145),  AGU 16.5( 12165)
AUC 15.0( 11069),  ACC  2.6(  1912),  AAC 13.3(  9809),  AGC  5.0(  3663)
AUA 18.7( 13834),  ACA 28.5( 21001),  AAA 60.2( 44402),  AGA 11.4(  8386)
AUG 26.3( 19388),  ACG  9.4(  6945),  AAG 14.0( 10359),  AGG  1.4(  1046)

GUU 27.8( 20517),  GCU 20.1( 14845),  GAU 45.1( 33257),  GGU 32.9( 24280)
GUC  7.4(  5492),  GCC  4.6(  3396),  GAC 12.3(  9096),  GGC  9.4(  6929)
GUA 22.9( 16924),  GCA 29.8( 21993),  GAA 54.1( 39921),  GGA 14.0( 10363)
GUG  9.6(  7093),  GCG  9.3(  6884),  GAG 10.5(  7713),  GGG  4.4(  3272)